1779993956,4.9026,0.0000,-7991,2.1400,337500,0,0.0000,0.4400
1779993961,2.4427,0.0000,-7996,3.6400,337500,0,0.0000,0.4000
1779993966,2.6769,0.0000,-7981,0.8800,337500,0,0.0000,0.3700
1779993971,2.3937,0.0000,-7982,4.9200,337500,0,0.0000,0.3400
1779993976,2.2434,0.0000,-7996,10.9600,337500,0,0.0000,0.3100
1779993981,2.3411,0.0000,-8005,0.2200,337500,0,0.0000,0.2900
1779993986,2.2070,0.0000,-7991,3.6800,337500,0,0.0000,0.2600
1779993991,15.9175,0.0000,-7936,3.2000,337500,0,0.0000,1.2000
1779993996,5.9661,0.0000,-7942,2.3000,337500,0,0.0000,1.1100
1779994001,2.1772,0.0000,-7967,4.3400,337500,0,0.0000,1.1000
1779994006,2.9781,0.0000,-7914,0.5400,337500,0,0.0000,1.0900
1779994011,2.2754,0.0000,-7945,3.3400,337500,0,0.0000,1.0000
1779994016,2.0917,0.0000,-7966,2.6000,337500,0,0.0000,0.9200
1779994021,8.3192,0.0000,-7971,3.9800,337500,0,0.0000,0.8500
1779994026,4.7966,0.0000,-8006,1.0800,337500,0,0.0000,0.7800
1779994032,15.1525,0.0000,-8015,3.8200,337500,0,0.0000,0.7200
1779994036,18.8861,0.0000,-8012,2.6600,337500,0,0.0000,0.7400
1779994051,3.5937,49.3051,-8012,2.6600,337500,0,0.0000,0.7400
1779994055,14.9398,0.0000,-7971,6.3800,337501,0,0.0000,0.5300
1779994061,8.2076,0.0000,-7963,0.8800,337501,0,0.0000,0.5700
1779994066,5.6791,0.0000,-7896,3.4800,337501,0,0.0000,0.5200
1779994071,3.0288,0.0000,-7913,12.5800,337501,0,0.0000,0.4800
1779994076,2.3264,0.0000,-7919,2.1800,337501,0,0.0000,0.4400
1779994081,3.5326,0.0000,-7942,1.9200,337500,0,0.0000,0.4100
1779994086,2.4586,0.0000,-7951,5.7800,337500,0,0.0000,0.3700
1779994091,2.5435,0.0000,-7951,2.4600,337500,0,0.0000,0.3400
1779994122,13.8054,0.0000,-7894,4.6000,337500,0,0.0000,1.1700
1779994127,3.8987,0.0000,-7992,8.5600,337500,0,0.0000,1.0800
1779994132,5.9865,0.0000,-7974,0.4400,337500,0,0.0000,0.9900
1779994137,3.4819,0.0000,-7987,0.8600,337500,0,0.0000,0.9100
1779994142,2.2952,0.0000,-8001,4.4000,337500,0,0.0000,0.8400
1779994147,2.4925,0.0000,-7984,0.4600,337501,0,0.0000,0.7700
1779995339,3.6631,49.6940,0,0.0000,0,0,0.0000,0.0000
1779995344,5.8051,49.6175,7783,7.1200,337812,0,0.0000,2.0600
1779995349,10.5155,49.5601,7774,2.6000,337812,0,0.0000,2.8500
1779995354,4.1912,49.5346,7770,1.1000,337812,0,0.0000,2.6200
1779995360,5.2155,49.5665,7775,0.6400,337812,0,0.0000,2.4900
1779995364,6.3400,49.2796,7730,0.3200,337812,0,0.0000,2.4500
1779995370,6.7122,49.2605,7727,0.4400,337812,0,0.0000,2.3400
1780036903,2.1671,22.8293,0,0.0000,0,0,0.0000,0.0000
1780036908,4.5819,22.2810,3495,3.4600,337522,0,0.0000,0.6500
1780036913,1.0857,22.2746,3494,1.3800,337522,0,0.0000,0.6000
1780036918,1.1018,22.2810,3495,3.4000,337522,0,0.0000,0.5500
1780037003,2.0985,22.2874,0,0.0000,0,0,0.0000,0.0000
<<<<<<< HEAD
1780064620,25.2903,55.2673,0,0.0000,0,0,0.0000,0.0000
1780064625,9.4354,55.2547,8775,692.4000,525777,0,0.0000,0.9400
1780064630,14.3183,55.3366,8788,12.0200,525777,0,0.0000,1.1800
1780064634,12.7919,55.2547,8775,26.2800,525777,0,0.0000,1.0900
1780064640,9.1025,55.2547,8775,2.1600,525779,0,0.0000,1.0800
1780064690,25.2631,55.5003,0,0.0000,0,0,0.0000,0.0000
1780064693,10.1648,55.2736,8778,7.6600,525784,0,0.0000,1.4500
1780064698,10.1781,55.1980,8766,9.4200,525784,0,0.0000,1.3300
=======
1780066869,19.5518,77.8954,0,0.0000,0,0,0.0000,0.0000
1780066874,19.7853,77.1525,7581,100.8800,435994,0,0.0000,2.1500
1780066879,10.3183,77.1219,7578,0.9000,435994,0,0.0000,1.9800
1780066884,6.8240,77.0609,7572,0.0000,435994,0,0.0000,1.8200
1780066889,7.3446,77.1219,7578,12.3400,435995,0,0.0000,1.6700
1780071909,19.8452,72.4913,0,0.0000,0,0,0.0000,0.0000
1780071914,27.8797,72.4506,7119,9.7167,435995,0,0.0000,1.7400
1780071919,23.3044,72.0436,7079,213.3800,435996,0,0.0000,1.6800
1780071924,24.5013,72.6644,7140,5.7600,435995,0,0.0000,1.7000
1780071929,20.2149,72.7560,7149,202.0800,435995,0,0.0000,1.8900
1780071934,29.7905,72.3794,7112,24.1400,435996,0,0.0000,1.8200
1780071939,12.4936,72.0537,7080,93.9400,435997,0,0.0000,1.7500
1780071944,30.7457,72.4608,7120,135.3400,436002,0,0.0000,1.9300
1780071949,18.9576,72.7152,7145,3.9000,436003,0,0.0000,2.0200
1780071954,23.0455,72.5728,7131,29.8400,436004,0,0.0000,2.1000
1780071959,18.7851,72.1657,7091,0.5400,436005,0,0.0000,2.0900
1780071964,27.8176,72.3082,7105,2.9600,436008,0,0.0000,2.0000
1780071969,20.7037,72.3285,7107,2.6400,436010,0,0.0000,1.9200
1780071974,28.8570,72.2166,7096,2.2400,436012,0,0.0000,1.8500
1780071979,27.6531,72.1046,7085,1.2600,436012,0,0.0000,1.8600
1780071984,61.2805,73.3666,7209,13.2400,436013,0,0.0000,2.7500
1780071989,48.0203,75.4936,7418,103.0400,436015,0,0.0000,3.1700
1780071994,38.6525,75.0661,7376,0.0200,436015,0,0.0000,3.0000
1780071999,19.5797,74.1807,7289,1.1200,436015,0,0.0000,3.0000
1780072004,20.4905,72.7458,7148,7.4600,436015,0,0.0000,2.8400
1780072009,19.0988,72.3489,7109,0.8400,436015,0,0.0000,2.7700
1780072014,22.1655,72.4608,7120,2.5200,436015,0,0.0000,2.8700
1780072019,23.4814,72.3896,7113,37.7600,436018,0,0.0000,3.0400
1780072024,28.4178,72.3183,7106,4.5200,436015,0,0.0000,2.9600
1780072029,27.8772,72.2166,7096,8.8400,436019,0,0.0000,2.8000
1780072034,31.6898,72.1657,7091,0.7000,436016,0,0.0000,2.7400
1780072039,34.5287,72.2166,7096,0.8200,436016,0,0.0000,2.6800
1780072044,38.2051,72.2878,7103,0.6000,436016,0,0.0000,2.5400
1780072049,27.8455,73.2648,7199,3.8200,436016,0,0.0000,2.4200
1780072054,23.8997,73.2546,7198,124.9200,436016,0,0.0000,2.3800
1780072059,33.4867,73.2445,7197,3.0400,436016,0,0.0000,3.0700
1780072064,44.8293,73.3768,7210,6.4000,436016,0,0.0000,2.9100
1780072069,23.1164,72.9799,7171,0.1000,436016,0,0.0000,2.8400
1780072074,20.5444,72.8068,7154,0.8200,436016,0,0.0000,2.6100
1780072079,34.2375,72.8781,7161,12.2600,436016,0,0.0000,2.6400
1780072084,23.7288,73.0206,7175,0.6800,436016,0,0.0000,2.6700
1780072089,31.7695,72.8068,7154,4.7600,436016,0,0.0000,2.7000
1780072094,27.5102,73.3462,7207,0.5000,436016,0,0.0000,2.4800
1780072099,26.4421,73.0511,7178,0.4600,436016,0,0.0000,2.3600
1780072104,21.7837,72.6542,7139,2.0000,436016,0,0.0000,2.2500
1780072109,27.8714,72.0232,7077,1.1200,436017,0,0.0000,2.3100
1780072114,26.3939,71.5245,7028,12.3400,436017,0,0.0000,2.3700
1780072119,35.9263,70.0489,6883,0.6400,436017,0,0.0000,2.2600
1780072124,34.1876,69.7435,6853,0.7400,436017,0,0.0000,2.1600
1780072129,20.6349,69.8148,6860,0.6200,436017,0,0.0000,2.0600
1780072134,22.9903,69.9165,6870,0.7800,436017,0,0.0000,1.9800
1780072139,17.5537,70.5781,6935,0.6000,436017,0,0.0000,1.8200
1780072144,20.1435,70.4763,6925,1.2600,436017,0,0.0000,1.6700
1780072149,20.2765,70.2829,6906,4.4800,436017,0,0.0000,1.5400
1780072154,33.0097,70.4661,6924,0.7000,436017,0,0.0000,1.5000
1780072159,39.0974,71.2803,7004,18.2400,436018,0,0.0000,1.5400
1780072164,38.2848,70.9750,6974,0.0000,436026,0,0.0000,1.5700
1780072169,12.1752,70.7205,6949,1.3600,436026,0,0.0000,1.4500
1780072174,30.8711,70.2117,6899,0.8400,436026,0,0.0000,1.4100
1780072179,14.3804,70.0081,6879,10.7800,436026,0,0.0000,1.3000
1780072184,38.9399,70.4763,6925,35.6000,436026,0,0.0000,1.3500
1780072189,29.9285,70.6289,6940,9.5400,436026,0,0.0000,1.4100
1780072194,21.1066,70.0896,6887,1.7000,436028,0,0.0000,1.2900
1780072199,18.4090,69.5502,6834,6.8800,436027,0,0.0000,1.3500
1780072204,14.1471,69.8148,6860,5.5200,436027,0,0.0000,1.2400
1780072209,30.6008,70.2422,6902,4.8000,436027,0,0.0000,1.2200
1780072214,16.0896,69.7537,6854,0.9000,436027,0,0.0000,1.2000
1780072219,14.8073,69.5603,6835,26.4600,436028,0,0.0000,1.2700
1780072225,10.5505,69.7130,6850,1.0800,436028,0,0.0000,1.2500
1780072230,10.9582,69.5196,6831,103.6400,436028,0,0.0000,1.2300
1780072235,18.5714,69.5909,6838,3.4000,436028,0,0.0000,1.3700
1780072240,41.2755,69.7741,6856,5.1200,436028,0,0.0000,1.4200
1780072245,38.2458,69.7842,6857,1.0200,436030,0,0.0000,1.3900
1780072250,26.9054,69.8250,6861,5.2400,436029,0,0.0000,1.4300
1780072255,25.1534,69.7537,6854,12.7000,436029,0,0.0000,1.4800
1780072260,24.7185,70.1404,6892,0.1200,436029,0,0.0000,1.4400
1780072265,29.4570,69.8148,6860,0.6800,436029,0,0.0000,1.4100
1780072270,42.3313,70.0183,6880,135.7800,436029,0,0.0000,1.5300
1780072275,16.8033,70.0997,6888,1.0200,436029,0,0.0000,1.5700
1780072280,24.7306,69.9471,6873,49.4000,436029,0,0.0000,1.4500
1780072285,21.5203,69.7842,6857,0.9200,436029,0,0.0000,1.4100
1780072290,17.2308,69.3975,6819,11.8400,436029,0,0.0000,1.3000
1780072295,22.9070,69.4891,6828,0.7200,436030,0,0.0000,1.1900
1780072300,23.4239,69.6112,6840,2.4400,436030,0,0.0000,1.1800
1780072305,23.3760,69.5095,6830,0.8200,436030,0,0.0000,1.3200
1780072310,23.2033,69.3568,6815,1.0800,436030,0,0.0000,1.4600
1780072315,21.3920,69.4280,6822,0.6200,436030,0,0.0000,1.4200
1780072320,16.9579,69.4789,6827,11.4400,436030,0,0.0000,1.3900
1780072325,21.4469,69.4789,6827,0.7600,436030,0,0.0000,1.3600
1780072330,26.5920,70.0896,6887,6.1800,436031,0,0.0000,1.4100
1780072335,27.8831,69.6011,6839,5.9400,436031,0,0.0000,1.6200
1780072340,26.3804,69.3568,6815,2.5600,436031,0,0.0000,1.6500
1780072345,23.1045,69.0820,6788,1.8600,436031,0,0.0000,1.8300
1780072350,18.3496,69.1227,6792,3.3200,436032,0,0.0000,2.0100
1780072355,26.2186,69.0006,6780,0.9000,436032,0,0.0000,1.9300
1780072360,23.1595,69.1838,6798,5.1800,436032,0,0.0000,1.9300
1780072365,22.1085,68.8276,6763,1.2200,436032,0,0.0000,2.0200
1780072370,23.3487,67.3316,6616,1.2400,436032,0,0.0000,1.9400
1780072375,22.7110,67.4639,6629,2.0000,436032,0,0.0000,1.8600
1780072380,19.7328,67.6165,6644,2.6400,436032,0,0.0000,1.7100
1780072385,20.1745,67.5249,6635,12.2800,436032,0,0.0000,1.7400
1780072390,14.5417,67.5351,6636,2.9000,436032,0,0.0000,1.6000
1780072395,9.8980,67.5046,6633,1.8800,436033,0,0.0000,1.4700
1780072400,15.8487,67.4842,6631,2.4000,436033,0,0.0000,1.3500
1780072405,12.9771,67.2603,6609,3.0600,436033,0,0.0000,1.4000
1780072410,10.8563,67.2807,6611,4.5000,436033,0,0.0000,1.2900
1780072415,14.3808,67.5656,6639,1.1200,436033,0,0.0000,1.2700
1780072420,14.0378,67.6471,6647,17.8200,436033,0,0.0000,1.1700
1780072425,18.1679,67.7285,6655,4.1200,436033,0,0.0000,1.0700
1780072430,29.1859,68.8683,6767,41.1600,436033,0,0.0000,1.0700
1780072435,26.9980,68.6851,6749,2.6800,436033,0,0.0000,1.0600
1780072440,26.6496,68.7157,6752,3.2600,436033,0,0.0000,1.1400
1780072445,22.8205,68.4612,6727,8.6600,436033,0,0.0000,1.1200
1780072450,25.1408,68.8480,6765,9.4400,436034,0,0.0000,1.1100
1780072455,16.9985,68.3086,6712,24.0000,436034,0,0.0000,1.1900
1780072460,23.2772,68.3595,6717,2.3200,436034,0,0.0000,1.2500
1780072465,16.5729,68.4307,6724,10.0400,436034,0,0.0000,1.2300
1780072470,30.7849,69.5705,6836,0.1200,436035,0,0.0000,1.2900
1780072475,17.9867,69.4382,6823,20.5400,436035,0,0.0000,1.4300
1780072480,17.5268,69.4077,6820,1.4400,436035,0,0.0000,1.3900
1780072485,26.0892,69.4077,6820,0.7800,436035,0,0.0000,1.5200
1780072490,26.1160,69.5502,6834,8.6000,436035,0,0.0000,1.5600
1780072495,21.3224,69.2347,6803,0.7800,436035,0,0.0000,1.6800
1780072500,23.9796,69.4993,6829,1.0000,436038,0,0.0000,1.8600
1780072505,31.7259,69.5196,6831,20.3600,436043,0,0.0000,1.9500
1780072510,44.8783,72.4405,7118,15.0000,436036,0,0.0000,2.1200
1780072515,42.0172,73.4989,7222,14.7600,436037,0,0.0000,2.1900
1780072520,31.1032,72.7763,7151,5.0400,436037,0,0.0000,2.0900
1780072525,20.0816,72.3082,7105,8.2000,436037,0,0.0000,2.0900
1780072530,16.1720,71.8807,7063,23.4833,436037,0,0.0000,2.0000
1780072535,18.3128,71.9825,7073,309.9200,436037,0,0.0000,2.0000
1780072540,22.7157,71.8502,7060,2.5200,436037,0,0.0000,1.9200
1780072545,17.2890,71.8400,7059,1.5800,436038,0,0.0000,1.8500
1780072550,20.6861,71.7179,7047,0.8800,436038,0,0.0000,2.1000
1780072555,23.2416,71.5347,7029,1.2400,436038,0,0.0000,2.0100
1780072560,19.8875,70.3847,6916,18.5800,436038,0,0.0000,2.0900
1780072565,18.8428,70.2931,6907,0.7000,436038,0,0.0000,2.0000
1780072570,19.7645,70.2931,6907,12.0400,436038,0,0.0000,1.9200
1780072575,19.0598,70.8834,6965,52.2600,436037,0,0.0000,1.8500
1780072580,20.8825,70.0794,6886,4.2000,436037,0,0.0000,1.7800
1780072585,28.5934,70.4050,6918,1.0400,436037,0,0.0000,1.7200
1780072590,28.9514,70.3949,6917,0.7200,436037,0,0.0000,1.7400
1780072595,18.5128,70.2320,6901,0.6400,436037,0,0.0000,1.6800
1780072600,17.6801,69.8758,6866,0.7000,436038,0,0.0000,1.6300
1780072605,18.0698,70.3440,6912,0.5600,436038,0,0.0000,1.5800
1780072610,20.0614,69.7232,6851,0.9800,436038,0,0.0000,1.5300
1780072615,20.7143,70.3236,6910,4.2200,436038,0,0.0000,1.5700
1780072620,19.2229,70.3440,6912,0.6800,436038,0,0.0000,1.5200
1780072625,31.6973,69.9165,6870,3.6400,436038,0,0.0000,1.6400
1780072630,24.9361,70.0489,6883,0.6400,436038,0,0.0000,1.5900
1780072635,16.5901,69.9573,6874,60.3000,436038,0,0.0000,1.6200
1780072640,22.4375,69.8250,6861,1.0600,436038,0,0.0000,1.7300
1780072645,19.3135,69.8758,6866,0.8200,436038,0,0.0000,1.8300
1780072650,16.1043,69.7334,6852,0.5800,436038,0,0.0000,1.7700
1780072655,18.4615,69.9064,6869,0.6800,436038,0,0.0000,1.7900
1780072660,20.0513,69.9064,6869,7.6800,436038,0,0.0000,1.7200
1780072665,27.3378,70.2320,6901,0.7600,436038,0,0.0000,1.6600
1780072670,26.7483,70.1608,6894,4.0000,436038,0,0.0000,1.7700
1780072675,23.0219,71.2396,7000,2.8600,436038,0,0.0000,2.0300
1780072680,23.5505,71.0767,6984,0.9600,436038,0,0.0000,1.9500
1780072685,26.9939,71.0157,6978,0.5600,436038,0,0.0000,2.0300
1780072690,24.4240,70.8528,6962,15.6400,436038,0,0.0000,1.8700
1780072695,24.1696,70.7612,6953,5.3800,436038,0,0.0000,2.6000
1780072700,16.6072,70.3440,6912,5.0600,436038,0,0.0000,2.4700
1780072705,14.1476,69.9369,6872,2.1600,436038,0,0.0000,2.4300
1780072710,25.3952,70.3847,6916,4.6400,436038,0,0.0000,2.2400
1780072794,19.9043,70.1201,0,0.0000,0,0,0.0000,0.0000
1780072799,12.1877,69.9980,6878,0.7600,436038,0,0.0000,0.8900
1780072804,25.5352,70.1913,6897,1.1200,436038,0,0.0000,0.8200
1780072809,27.5000,70.3338,6911,93.6000,436038,0,0.0000,1.0700
1780072814,22.1316,70.9037,6967,1.7200,436038,0,0.0000,0.9900
1780072819,21.0152,70.7409,6951,3.8800,436040,0,0.0000,1.1500
1780072824,17.4733,71.3108,7007,0.5800,436038,0,0.0000,1.2200
1780072829,19.2642,71.5856,7034,0.7600,436038,0,0.0000,1.2800
1780072834,21.0364,71.3719,7013,58.1600,436039,0,0.0000,1.1800
1780072839,12.6149,71.1989,6996,27.1600,436040,0,0.0000,1.0800
1780072844,21.4067,71.6568,7041,1.7000,436039,0,0.0000,1.3200
1780072849,32.5653,71.1785,6994,3.8000,436039,0,0.0000,1.4500
1780072854,19.6419,71.0564,6982,5.5200,436039,0,0.0000,1.5800
1780072859,17.0594,71.0767,6984,5.4200,436039,0,0.0000,1.5300
1780072864,18.3020,70.7002,6947,33.3600,436039,0,0.0000,1.6500
1780072870,11.7737,70.5272,6930,18.8200,436039,0,0.0000,1.5200
1780072874,8.2741,70.5170,6929,20.8600,436039,0,0.0000,1.3900
1780072879,12.5255,70.3135,6909,0.7000,436039,0,0.0000,1.5200
1780072884,10.3413,70.4254,6920,0.8600,436039,0,0.0000,1.4000
1780072889,8.3841,70.3236,6910,0.6400,436039,0,0.0000,1.2900
1780072894,10.4241,70.3338,6911,1.8200,436040,0,0.0000,1.1800
1780072899,10.0102,70.4661,6924,4.8800,436040,0,0.0000,1.2500
1780072904,30.0813,70.5577,6933,3.9200,436040,0,0.0000,1.3100
1780072909,33.9487,70.8325,6960,0.7200,436039,0,0.0000,1.3700
1780072914,12.3664,70.7918,6956,3.1800,436039,0,0.0000,1.2600
1780072919,10.0306,70.7104,6948,0.6200,436044,0,0.0000,1.4800
1780072925,15.9346,70.9037,6967,0.7200,436039,0,0.0000,1.4400
1780072949,19.8967,70.6391,6967,0.7200,436039,0,0.0000,1.4400
1780072954,24.8466,70.6696,6944,3.7600,436039,0,0.0000,1.3600
1780072959,16.3161,70.5475,6932,14.3400,436039,0,0.0000,1.2500
1780072980,18.8043,70.4661,6924,3.3600,436039,0,0.0000,1.0300
1780072985,13.8037,70.5679,6934,1.9800,436039,0,0.0000,0.9500
1780072990,14.2054,70.6188,6939,0.9600,436039,0,0.0000,0.8700
1780072995,13.7966,70.6798,6945,3.4000,436039,0,0.0000,0.8000
1780073000,14.2202,70.5882,6936,3.7400,436039,0,0.0000,0.7400
1780073004,18.5053,70.4254,6920,2.0200,436039,0,0.0000,0.7600
1780073009,8.2952,70.4661,6924,3.7400,436039,0,0.0000,0.8600
1780073014,12.4873,71.0360,6980,0.0400,436039,0,0.0000,0.8700
1780073070,12.3659,71.4329,7019,43.5000,436040,0,0.0000,2.1300
1780073075,8.9790,71.5042,7026,11.7200,436040,0,0.0000,2.3600
1780073080,23.3912,71.8095,7056,19.3000,436040,0,0.0000,2.7300
1780073085,16.4880,72.3692,7111,2.9800,436040,0,0.0000,3.0700
1780073090,17.2537,72.2369,7098,16.2200,436043,0,0.0000,3.3100
1780073095,21.9388,72.2878,7103,30.0000,436040,0,0.0000,3.6000
1780073100,25.7040,72.6135,7135,348.7400,436040,0,0.0000,4.0400
1780073105,23.4486,73.0206,7175,10.4800,436040,0,0.0000,4.4300
1780073301,20.4290,72.8374,7157,0.6000,436051,0,0.0000,1.5800
1780073305,15.4555,72.7152,7145,2.3200,436051,0,0.0000,1.5300
1780073310,18.3214,72.8272,7156,5.4400,436051,0,0.0000,1.5700
1780073385,35.0380,72.8475,7158,3.4400,436054,0,0.0000,2.5600
1780073390,26.6973,71.7586,7051,5.6200,436055,0,0.0000,2.4400
1780073395,38.5671,72.8781,7161,31.5600,436055,0,0.0000,2.4000
1780073400,36.2016,73.7635,7248,14.1000,436056,0,0.0000,2.3700
1780073405,21.9150,73.1325,7186,10.1600,436056,0,0.0000,2.5000
1780073410,22.0400,72.8374,7157,9.5200,436058,0,0.0000,2.5400
1780073415,18.1030,72.6542,7139,0.1600,436056,0,0.0000,2.5800
1780073420,19.5408,72.5219,7126,1.7200,436056,0,0.0000,2.4500
1780073605,20.6122,72.4506,7119,1.8200,436058,0,0.0000,1.6300
1780073610,19.2249,72.3997,7114,7.0400,436058,0,0.0000,1.5800
1780073615,28.5204,72.9188,7165,4.0800,436058,0,0.0000,2.0900
1780073620,20.5507,73.0714,7180,3.8000,436058,0,0.0000,2.1700
1780073625,25.7537,72.6542,7139,0.6400,436058,0,0.0000,2.2300
1780073631,25.4582,72.8577,7159,3.9600,436058,0,0.0000,2.0600
1780073635,26.3507,72.8883,7162,0.7400,436058,0,0.0000,2.1300
1780073641,25.1274,71.4431,7020,27.2000,436058,0,0.0000,2.1200
1780073645,29.0437,71.8298,7058,21.7200,436059,0,0.0000,2.1100
1780073651,27.9449,71.4635,7022,0.8000,436059,0,0.0000,2.0200
1780073656,23.4151,71.2701,7003,3.9800,436059,0,0.0000,2.0200
1780073661,43.4164,71.6670,7042,0.9400,436059,0,0.0000,1.8600
1780073666,22.0010,71.6975,7045,6.8000,436059,0,0.0000,2.0300
1780073671,14.7658,71.8095,7056,0.7600,436059,0,0.0000,2.0300
1780073676,8.8821,71.5449,7030,14.8800,436059,0,0.0000,2.0200
1780073681,12.8819,71.6059,7036,0.7800,436059,0,0.0000,1.8600
1780073686,21.7837,71.5856,7034,0.6400,436059,0,0.0000,1.7900
1780073691,18.4995,71.6161,7037,2.8000,436059,0,0.0000,1.7300
1780073696,26.0422,71.5144,7027,161.2200,436059,0,0.0000,1.9100
1780073701,25.1537,71.4228,7018,120.9400,436059,0,0.0000,1.7600
1780073706,28.6885,71.2905,7005,24.6600,436059,0,0.0000,1.7800
1780073711,35.7836,71.6772,7043,0.5000,436059,0,0.0000,1.6300
1780073716,21.9087,71.3922,7015,0.4600,436059,0,0.0000,1.5000
1780073721,22.3934,71.2294,6999,8.2600,436059,0,0.0000,1.4600
1780073726,20.6382,71.1174,6988,0.5600,436059,0,0.0000,1.3500
1780073731,33.9295,71.5347,7029,30.7000,436059,0,0.0000,1.3200
1780073736,29.0751,71.5245,7028,1.5800,436059,0,0.0000,1.2900
1780073741,23.0769,71.1989,6996,2.2600,436059,0,0.0000,1.2700
1780073746,25.0513,71.3413,7010,6.0600,436059,0,0.0000,1.1700
1780073751,28.7250,71.4329,7019,25.6000,436060,0,0.0000,1.0700
1780073806,11.0204,70.9444,6971,102.6800,436059,0,0.0000,0.7900
1780073811,12.4106,70.9037,6967,3.6000,436059,0,0.0000,0.8100
1780073816,15.1996,70.8630,6963,0.9000,436059,0,0.0000,0.8200
1780073821,20.7091,70.7714,6954,0.6800,436059,0,0.0000,0.9200
1780073826,24.5487,70.9241,6969,0.6800,436059,0,0.0000,0.9200
1780073831,32.9418,71.4838,7024,0.7000,436059,0,0.0000,1.4100
1780073836,33.6066,71.1276,6989,14.4600,436059,0,0.0000,1.4600
1780073841,23.3945,70.9139,6968,3.1400,436059,0,0.0000,1.5000
1780073846,38.4221,71.0666,6983,4.2400,436059,0,0.0000,1.3800
1780073851,33.9816,71.2599,7002,0.8400,436059,0,0.0000,1.4300
1780073856,24.1379,71.2905,7005,0.6200,436059,0,0.0000,1.4000
1780073861,27.5385,71.4126,7017,0.5400,436059,0,0.0000,1.6000
1780073866,32.8221,71.9418,7069,0.4400,436059,0,0.0000,2.4400
1780073871,18.8554,70.6289,6940,1.0000,436060,0,0.0000,2.4800
1780073876,9.5652,70.4661,6924,19.6200,436060,0,0.0000,2.4400
1780073881,8.4141,70.4763,6925,0.5600,436060,0,0.0000,2.2500
1780073886,24.7565,70.7714,6954,5.3200,436060,0,0.0000,2.0700
1780073891,15.9939,70.8427,6961,0.6000,436060,0,0.0000,1.9000
1780073896,33.4520,71.0564,6982,0.9200,436060,0,0.0000,1.7500
1780073901,32.6364,70.7409,6951,44.0200,436060,0,0.0000,1.7700
1780073906,20.6527,70.6900,6946,59.7000,436060,0,0.0000,1.9500
1780073912,25.6764,70.8732,6964,14.4000,436060,0,0.0000,2.0300
1780073916,44.2003,71.6365,7039,0.6400,436060,0,0.0000,2.6700
1780073921,17.0321,70.9343,6970,2.9400,436060,0,0.0000,2.6200
1780073926,10.2904,70.8223,6959,0.7600,436060,0,0.0000,2.4100
1780073931,18.1263,70.9444,6971,5.6600,436060,0,0.0000,2.2900
1780073936,18.0704,71.0258,6979,106.6400,436060,0,0.0000,2.1100
1780073941,19.6008,70.6086,6938,129.5400,436060,0,0.0000,2.4200
1780073946,21.1656,70.5170,6929,1.9000,436060,0,0.0000,2.5500
1780073951,16.9483,70.6188,6939,6.2200,436060,0,0.0000,2.8300
1780074071,17.5931,70.9648,6973,2.1400,436061,0,0.0000,1.3300
1780074076,12.8323,71.1581,6992,8.5200,436061,0,0.0000,1.3900
1780074081,13.2856,70.9953,6976,1.9400,436061,0,0.0000,1.2800
1780074086,9.9035,70.8020,6957,1.5600,436061,0,0.0000,1.1700
1780074091,11.4329,70.7307,6950,3.9400,436062,0,0.0000,1.0800
1780074096,12.8753,70.6798,6945,0.8200,436062,0,0.0000,0.9900
1780074101,10.4135,70.9241,6969,0.7400,436062,0,0.0000,0.9100
1780074106,28.6660,71.4635,7022,2.2000,436062,0,0.0000,0.8400
1780074111,20.6002,71.2497,7001,23.2600,436062,0,0.0000,1.0900
1780074116,13.0679,70.9953,6976,4.9400,436062,0,0.0000,1.3300
1780074121,12.4553,71.0360,6980,10.4200,436062,0,0.0000,1.5400
1780074126,13.7896,71.0666,6983,2.2600,436062,0,0.0000,1.5800
1780074131,11.0827,71.0258,6979,4.4000,436062,0,0.0000,1.5300
1780074136,17.7642,71.1480,6991,8.0000,436062,0,0.0000,1.5700
1780074141,16.5903,70.9444,6971,27.8400,436062,0,0.0000,1.5200
1780074146,11.0036,70.9241,6969,9.3000,436062,0,0.0000,1.5600
1780074151,9.0956,70.9139,6968,7.4400,436062,0,0.0000,1.6000
1780074156,16.3182,70.9241,6969,6.3000,436063,0,0.0000,1.7100
1780074161,21.2199,71.0666,6983,5.1600,436065,0,0.0000,1.7300
1780074166,35.1586,71.6467,7040,6.3200,436061,0,0.0000,1.9900
1780074171,36.6599,74.1400,7285,16.5600,436062,0,0.0000,2.5600
1780074176,26.2487,73.9263,7264,44.8200,436062,0,0.0000,2.5900
1780074181,42.0151,73.4175,7214,38.0200,436063,0,0.0000,2.7800
1780074186,22.0356,71.4228,7018,6.1400,436062,0,0.0000,2.8800
1780074191,20.0102,71.0258,6979,103.2200,436062,0,0.0000,3.2100
1780074196,22.0588,70.9343,6970,70.7600,436063,0,0.0000,3.1200
1780074202,53.3469,74.1095,7282,148.7400,436064,0,0.0000,3.7500
1780074207,29.2265,73.5599,7228,62.2600,436064,0,0.0000,3.6900
1780074212,23.6909,73.5599,7228,126.5600,436062,0,0.0000,3.5500
1780074217,24.7955,72.8984,7163,5.6400,436062,0,0.0000,3.5100
1780074222,22.9592,73.7940,7251,3.2200,436063,0,0.0000,3.3900
1780074227,59.7666,74.0688,7278,13.1200,436063,0,0.0000,3.4400
1780074232,78.2653,74.8423,7354,12.8800,436064,0,0.0000,3.7200
1780074237,76.6633,74.8117,7351,89.6000,436065,0,0.0000,4.2200
1780074242,88.4982,74.2215,7293,112.2333,436065,0,0.0000,4.9300
1780074247,74.8107,73.9772,7269,0.0600,436065,0,0.0000,5.0100
1780074252,81.5377,73.7126,7243,3.1600,436065,0,0.0000,4.6900
1780074257,81.0441,73.6006,7232,14.9000,436065,0,0.0000,4.9600
1780074262,85.8156,73.5905,7231,0.9600,436065,0,0.0000,4.7200
1780074267,67.0529,74.0383,7275,1.4800,436066,0,0.0000,4.7400
1780074272,75.7991,73.5701,7229,1.0000,436066,0,0.0000,4.9200
1780074277,74.6721,73.5192,7224,40.8400,436066,0,0.0000,5.0900
1780074282,73.7323,73.4887,7221,0.6200,436066,0,0.0000,4.7600
1780074287,78.7084,73.4378,7216,13.5200,436066,0,0.0000,4.8600
1780074292,78.0253,73.8652,7258,48.2000,436066,0,0.0000,4.6300
1780074297,71.0101,74.0281,7274,12.6200,436066,0,0.0000,4.9800
1780074302,68.9340,73.6414,7236,3.2400,436066,0,0.0000,4.6600
1780074307,93.8981,73.5091,7223,7.4600,436066,0,0.0000,4.6900
1780074312,94.0464,73.4887,7221,1.0600,436066,0,0.0000,4.7100
1780074317,82.9712,73.5091,7223,18.6000,436066,0,0.0000,4.7400
1780074322,93.2494,73.5701,7229,0.8200,436066,0,0.0000,4.7600
1780074327,91.3175,73.6006,7232,20.6200,436066,0,0.0000,4.7000
1780074332,94.3520,73.5701,7229,2.3000,436066,0,0.0000,4.6400
1780074337,94.3130,73.5498,7227,3.9600,436066,0,0.0000,4.6700
1780074342,94.1058,73.3869,7211,18.3200,436066,0,0.0000,4.7000
1780074347,84.2345,73.5396,7226,0.8200,436067,0,0.0000,4.4000
1780074352,78.8540,73.6210,7234,6.5000,436067,0,0.0000,4.3700
1780074357,80.4644,73.6414,7236,1.3600,436067,0,0.0000,4.5800
1780074362,93.6964,73.5803,7230,1.9000,436067,0,0.0000,4.6900
1780074367,80.3229,73.8652,7258,0.6400,436067,0,0.0000,4.5600
1780074372,69.2112,74.3538,7306,10.9600,436067,0,0.0000,4.9900
1780074377,15.0280,73.1732,7190,7.8800,436067,0,0.0000,4.8300
1780074382,22.3350,73.7940,7251,14.0800,436067,0,0.0000,4.4500
1780074387,26.7448,73.9263,7264,0.9800,436067,0,0.0000,4.1700
1780074392,24.5533,74.6896,7339,7.0600,436069,0,0.0000,4.0000
1780074397,14.3731,73.8042,7252,1.8200,436067,0,0.0000,3.7600
1780074402,13.2008,73.5701,7229,1.1600,436067,0,0.0000,3.4500
1780074407,14.9642,72.8883,7162,0.9200,436067,0,0.0000,3.2600
1780074412,19.3499,72.8272,7156,4.2200,436067,0,0.0000,3.0000
1780074417,15.4043,72.9086,7164,19.5600,436067,0,0.0000,2.7600
1780074422,17.5813,73.6515,7237,7.4600,436067,0,0.0000,2.5400
1780074427,19.8372,73.2648,7199,24.7800,436067,0,0.0000,2.3300
1780074444,14.3878,72.9900,7172,2.1000,436067,0,0.0000,2.5500
1780074444,14.5186,72.8883,7162,6.6600,436068,0,0.0000,2.5000
1780074444,10.7434,72.8984,7163,0.7000,436068,0,0.0000,2.3000
1780074447,11.6090,72.7865,7152,14.7000,436068,0,0.0000,2.1200
1780074452,10.7598,72.7051,7144,0.9600,436068,0,0.0000,1.9500
1780074457,15.7573,72.7763,7151,0.9000,436068,0,0.0000,1.7900
1780074462,14.8242,73.2648,7199,4.4400,436068,0,0.0000,1.6500
1780074467,17.3449,72.8883,7162,6.9200,436068,0,0.0000,1.8400
1780074472,13.7545,72.8475,7158,6.3200,436068,0,0.0000,2.0900
1780074477,14.5260,72.7356,7147,0.6000,436068,0,0.0000,1.9200
1780074482,9.3367,72.7152,7145,0.7000,436068,0,0.0000,2.3300
1780074487,14.8469,72.9086,7164,22.1600,436068,0,0.0000,2.2200
1780074493,10.4995,73.0918,7182,4.4000,436068,0,0.0000,2.1200
1780074527,20.0718,73.2037,7182,4.4000,436068,0,0.0000,2.1200
1780074532,10.0969,73.2037,7193,0.7000,436068,0,0.0000,1.5500
1780074537,7.9389,73.0104,7174,0.6800,436068,0,0.0000,1.4200
1780074542,17.3490,73.1630,7189,18.7400,436068,0,0.0000,1.3900
1780074547,8.5248,73.0307,7176,36.3400,436068,0,0.0000,1.3600
1780074552,10.3976,73.3462,7207,0.9000,436068,0,0.0000,1.6500
1780074557,20.3770,74.0383,7275,0.9200,436068,0,0.0000,1.6800
1780074562,16.5394,73.4989,7222,3.7000,436068,0,0.0000,1.6200
1780074567,21.3666,73.0104,7174,0.6400,436068,0,0.0000,1.6500
1780074572,13.4047,72.9900,7172,0.6200,436068,0,0.0000,1.5200
1780074577,17.2114,73.3259,7205,2.0600,436068,0,0.0000,1.6400
1780074582,12.0857,73.1122,7184,76.2400,436068,0,0.0000,1.6700
1780074587,7.5827,73.0409,7177,1.1400,436068,0,0.0000,1.5400
1780074592,27.9735,73.7940,7251,3.9000,436074,0,0.0000,1.4100
1780074617,20.0631,73.8245,7251,3.9000,436074,0,0.0000,1.4100
1780074622,23.3435,74.0179,7273,54.0800,436072,0,0.0000,0.9200
1780074627,12.3532,73.5599,7228,173.9200,436073,0,0.0000,1.0900
1780074632,7.7002,73.1936,7192,1.7800,436073,0,0.0000,1.0000
1780074637,35.2371,73.9772,7269,3.8200,436074,0,0.0000,1.1600
1780074642,46.3452,74.6285,7333,60.9000,436074,0,0.0000,1.2300
1780074647,28.6079,73.6821,7240,0.6400,436075,0,0.0000,1.2900
1780074652,41.4671,73.7228,7244,10.4000,436076,0,0.0000,1.3500
1780074657,20.6721,75.2697,7396,5.8800,436076,0,0.0000,1.3200
1780074662,10.2082,74.6896,7339,2.3000,436076,0,0.0000,1.2900
1780074667,11.3995,74.9949,7369,2.2400,436078,0,0.0000,1.2700
1780074672,20.8651,75.1374,7383,15.9800,436078,0,0.0000,1.2500
1780074677,7.7823,77.3051,7596,2036.3000,436078,0,0.0000,1.3900
1780074682,21.4939,74.0484,7276,2445.0000,436080,0,0.0000,4.0800
1780074687,13.4115,72.2675,7101,978.9800,436078,0,0.0000,3.9900
1780074692,24.6945,73.4378,7216,10.5600,436078,0,0.0000,3.6700
1780074697,11.6126,73.5498,7227,1.9600,436080,0,0.0000,3.5400
1780074702,17.9044,72.2878,7103,8.0200,436080,0,0.0000,3.2600
1780074707,5.6853,71.9316,7068,62.9800,436080,0,0.0000,3.0800
1780074712,5.6231,71.8095,7056,1.4800,436081,0,0.0000,2.8300
1780074717,5.2712,71.9011,7065,36.7800,436081,0,0.0000,2.6000
1780074722,8.2192,71.6467,7040,1.7000,436083,0,0.0000,2.4700
1780074727,7.2737,71.6059,7036,1.0000,436072,0,0.0000,2.3600
1780074732,6.2880,71.3922,7015,0.0600,436072,0,0.0000,2.3300
1780074738,10.1015,72.0843,7083,4.8600,436072,0,0.0000,2.1400
1780074742,22.8338,71.5958,7035,3.9000,436072,0,0.0000,2.1300
1780074747,13.1391,71.6467,7040,3.6800,436072,0,0.0000,2.0400
1780074753,13.8477,71.3006,7006,79.5000,436072,0,0.0000,1.8700
1780074757,14.3878,71.2701,7003,71.4000,436074,0,0.0000,1.7200
1780074762,12.4106,71.1683,6993,0.5400,436074,0,0.0000,1.5900
1780074768,12.6472,71.2090,6997,3.1200,436074,0,0.0000,1.7000
1780074772,13.0056,71.0869,6985,1.6200,436074,0,0.0000,1.5600
1780074777,12.1352,71.2701,7003,0.6600,436074,0,0.0000,1.4400
1780074782,14.7884,71.2396,7000,6.7200,436074,0,0.0000,1.3200
1780074787,14.6429,71.3006,7006,3.2400,436076,0,0.0000,1.3000
1780074792,12.1615,71.1785,6994,1.9800,436076,0,0.0000,1.2700
1780074798,13.9571,71.2294,6999,0.9400,436076,0,0.0000,1.2500
1780074803,16.3525,71.3617,7012,2.3200,436076,0,0.0000,1.2300
1780074808,12.3337,71.2090,6997,4.7000,436076,0,0.0000,1.1300
1780074813,14.4456,71.5245,7028,6.1000,436076,0,0.0000,1.1200
1780074818,7.5127,71.7281,7048,22.7200,436078,0,0.0000,1.0300
1780074822,5.1191,71.5856,7034,0.6600,436078,0,0.0000,0.9500
1780074828,4.4625,71.6161,7037,0.6800,436078,0,0.0000,0.8700
1780074833,5.0228,71.5856,7034,2.9600,436078,0,0.0000,0.8000
1780074838,4.2111,71.8095,7056,0.8600,436078,0,0.0000,0.7400
1780074843,5.9271,71.5958,7035,0.8000,436080,0,0.0000,0.6800
1780074848,10.9929,71.5958,7035,1.5600,436080,0,0.0000,0.6200
1780074853,7.9655,71.6874,7044,1.1600,436080,0,0.0000,0.8100
1780074858,5.5218,71.6365,7039,0.5000,436080,0,0.0000,0.7500
1780074863,9.4225,71.5652,7032,0.4800,436082,0,0.0000,0.8500
1780074868,6.2342,71.4533,7021,11.5000,436082,0,0.0000,1.0200
1780074873,6.0345,71.4126,7017,1.3600,436082,0,0.0000,1.1000
1780074878,7.9534,71.3515,7011,0.7600,436082,0,0.0000,1.0100
1780074888,23.9308,72.1046,7085,0.6800,436082,0,0.0000,1.2500
1780074893,4.5639,71.7790,7053,29.1800,436082,0,0.0000,1.1500
1780074898,4.6076,71.9113,7066,0.7000,436082,0,0.0000,1.0600
1780074903,5.3272,71.9214,7067,0.8800,436082,0,0.0000,0.9700
1780074908,7.4112,71.8909,7064,6.9600,436082,0,0.0000,0.8900
1780074913,4.9164,71.9011,7065,6.1400,436082,0,0.0000,0.8200
1780074918,5.2685,71.9418,7069,0.5600,436082,0,0.0000,0.7600
1780074923,8.0506,71.7688,7052,6.3800,436082,0,0.0000,0.7000
1780074928,7.7935,71.9316,7068,0.6200,436082,0,0.0000,0.8000
1780074933,5.2311,71.8604,7061,0.8400,436082,0,0.0000,0.7400
1780074938,6.1898,71.9621,7071,0.8400,436082,0,0.0000,0.6800
1780074943,5.8853,71.8705,7062,3.7600,436082,0,0.0000,0.6200
1780074948,6.4876,71.9520,7070,0.5400,436083,0,0.0000,0.5700
1780074953,4.9189,71.9418,7069,15.4200,436083,0,0.0000,0.5300
1780074958,4.3060,71.8909,7064,0.7400,436083,0,0.0000,0.4800
1780074963,4.7089,71.8298,7058,0.6600,436083,0,0.0000,0.4400
1780074968,6.0852,71.9621,7071,9.6600,436083,0,0.0000,0.5700
1780074973,5.9271,71.9316,7068,0.5400,436083,0,0.0000,0.5200
1780074978,4.8272,71.7891,7054,1.2200,436083,0,0.0000,0.4800
1780074983,7.6806,71.8298,7058,5.0400,436083,0,0.0000,0.4400
1780074988,5.5274,71.7891,7054,0.7200,436082,0,0.0000,0.4900
1780074993,5.9777,71.7790,7053,0.7200,436082,0,0.0000,0.4500
1780074998,5.6260,71.7077,7046,0.6800,436083,0,0.0000,0.4100
1780075003,5.2685,71.6772,7043,0.8000,436083,0,0.0000,0.3800
1780075008,5.1243,71.6161,7037,0.5600,436083,0,0.0000,0.3500
1780075013,5.6795,71.7891,7054,2.8600,436083,0,0.0000,0.5600
1780075018,4.4073,71.9214,7067,3.4600,436083,0,0.0000,0.6000
1780075023,22.0296,72.0537,7080,0.7200,436083,0,0.0000,0.6300
1780075028,18.0851,72.2675,7101,0.7800,436083,0,0.0000,0.7500
1780075033,5.8704,71.9520,7070,0.6200,436083,0,0.0000,0.6900
1780075038,4.9620,72.0029,7075,0.6200,436083,0,0.0000,0.6400
1780075043,7.8054,72.0537,7080,0.6800,436083,0,0.0000,0.6700
1780075048,10.7685,72.0130,7076,4.0000,436083,0,0.0000,0.6100
1780075053,7.1537,71.9825,7073,3.4400,436083,0,0.0000,0.5600
1780075058,7.1030,71.9825,7073,1.9000,436083,0,0.0000,0.5200
1780075063,3.6437,72.0232,7077,5.4600,436083,0,0.0000,0.4800
1780075068,5.5668,71.9316,7068,0.6800,436083,0,0.0000,0.4400
1780075073,4.7136,72.0029,7075,0.7400,436083,0,0.0000,0.4000
1780075078,4.9620,72.0436,7079,0.9600,436083,0,0.0000,0.3700
1780075083,5.4342,71.8807,7063,0.9200,436083,0,0.0000,0.3400
1780075088,5.3780,71.9214,7067,32.4800,436083,0,0.0000,0.3100
1780075093,5.1750,71.7993,7055,0.9000,436083,0,0.0000,0.2900
1780075098,5.3780,71.7484,7050,0.5800,436083,0,0.0000,0.2600
1780075103,6.6869,71.7688,7052,1.6000,436083,0,0.0000,0.2400
1780075108,4.6099,71.8197,7057,2.9800,436083,0,0.0000,0.2200
1780075113,11.5112,72.0843,7083,3.3000,436083,0,0.0000,0.4500
1780075118,9.3861,70.5577,6933,1.3200,436083,0,0.0000,0.4900
1780075123,9.3259,70.5374,6931,0.5800,436083,0,0.0000,0.4500
1780075128,5.1243,70.5170,6929,0.9200,436083,0,0.0000,0.4100
1780075133,17.8571,70.3440,6912,0.7200,436083,0,0.0000,0.3800
1780075138,18.6510,70.4966,6927,3.9600,436083,0,0.0000,0.3500
1780075143,30.8321,70.7511,6952,3.4600,436083,0,0.0000,0.4000
1780075148,25.3067,71.2497,7001,4.6200,436083,0,0.0000,0.3700
1780075153,36.4796,70.8732,6964,0.8200,436083,0,0.0000,0.7400
1780075158,15.9634,70.9444,6971,5.9800,436083,0,0.0000,0.6800
1780075163,11.3141,70.6900,6946,11.4800,436083,0,0.0000,0.6300
1780075168,24.1853,71.4533,7021,0.6000,436083,0,0.0000,0.5800
1780075173,12.0874,71.0462,6981,1.0400,436083,0,0.0000,0.6100
1780075178,16.5563,71.2396,7000,17.6000,436083,0,0.0000,0.6400
1780075183,9.8169,71.1581,6992,0.9600,436083,0,0.0000,0.8300
1780075188,9.6232,70.7104,6948,0.0000,436083,0,0.0000,0.7600
1780075193,8.9659,70.9037,6967,0.5800,436083,0,0.0000,0.7000
1780075198,29.3306,70.7714,6954,1.4600,436084,0,0.0000,0.7300
1780075203,32.6364,71.3820,7014,6.8800,436084,0,0.0000,0.6700
1780075208,7.5711,71.3820,7014,0.7800,436084,0,0.0000,0.6100
1780075213,6.2247,71.1887,6995,6.3800,436084,0,0.0000,0.5600
1780075218,5.4287,71.0666,6983,3.3200,436084,0,0.0000,0.5200
1780075223,6.8320,70.4050,6918,0.6400,436084,0,0.0000,0.4800
1780075228,4.8126,70.5068,6928,0.6200,436084,0,0.0000,0.4400
1780075233,5.1777,70.3847,6916,0.8200,436084,0,0.0000,0.4000
1780075238,9.7821,70.4050,6918,0.6600,436084,0,0.0000,0.3700
1780075243,6.5283,70.4254,6920,0.7000,436084,0,0.0000,0.3400
1780075248,5.9898,70.5068,6928,2.6800,436084,0,0.0000,0.6300
1780075253,5.3245,70.4254,6920,0.7200,436084,0,0.0000,0.5800
1780075258,4.4602,70.3847,6916,1.5600,436084,0,0.0000,0.7800
1780075263,31.3456,71.4635,7022,0.7000,436084,0,0.0000,0.9600
1780075268,76.1978,72.8883,7162,7.5800,436084,0,0.0000,1.0400
1780075273,70.2538,72.7152,7145,3.2400,436084,0,0.0000,1.1200
1780075278,61.1478,72.3285,7107,3.9800,436084,0,0.0000,1.1100
1780075283,65.2989,72.2267,7097,4.1200,436084,0,0.0000,1.2600
1780075288,61.0942,72.1962,7094,3.8800,436084,0,0.0000,1.8800
1780075293,62.1581,73.1529,7188,8.0200,436084,0,0.0000,1.8100
1780075298,30.6986,72.1759,7092,41.0200,436085,0,0.0000,1.7400
1780075303,21.2106,72.1351,7088,6.9200,436085,0,0.0000,1.7600
1780075308,21.9624,71.5551,7031,2.2000,436085,0,0.0000,1.7800
1780075313,22.7110,71.3719,7013,10.3000,436085,0,0.0000,1.7200
1780075318,18.7436,71.5551,7031,2.7800,436086,0,0.0000,1.8200
1780075323,19.4985,71.4228,7018,70.7600,436086,0,0.0000,1.7600
1780075328,21.4432,71.5449,7030,5.8800,436086,0,0.0000,1.7000
1780075333,18.8073,71.5856,7034,2.4800,436086,0,0.0000,1.6400
1780075338,21.6147,70.9546,6972,0.7800,436086,0,0.0000,1.5900
1780075343,24.8982,71.3006,7006,0.7200,436086,0,0.0000,1.4600
1780075348,12.4363,71.0055,6977,0.8400,436086,0,0.0000,1.5000
1780075353,18.2004,70.9851,6975,0.8000,436086,0,0.0000,1.4600
1780075358,20.0102,71.0462,6981,23.1200,436086,0,0.0000,1.4300
1780075443,19.9808,71.5652,6981,23.1200,436086,0,0.0000,1.4300
1780075448,5.7331,71.6975,7045,0.7400,436087,0,0.0000,0.8300
1780075453,4.8731,71.3922,7015,1.0200,436087,0,0.0000,0.9200
1780075458,5.4287,71.4431,7020,3.8800,436087,0,0.0000,0.8500
1780075463,12.4620,71.9011,7065,2.8600,436087,0,0.0000,0.9400
1780075468,21.8367,71.2701,7003,0.5600,436087,0,0.0000,1.2700
1780075473,18.6249,71.2192,6998,4.4000,436087,0,0.0000,1.2400
1780075479,18.5451,71.1378,6990,0.6200,436087,0,0.0000,1.3000
1780075484,15.8163,71.5144,7027,5.8800,436087,0,0.0000,1.2800
1780075489,10.8795,71.6161,7037,3.7200,436087,0,0.0000,1.1800
1780075493,5.6402,71.4940,7025,1.5200,436087,0,0.0000,1.1600
1780075499,4.3588,71.1989,6996,5.6600,436087,0,0.0000,1.0700
1780075503,5.2205,71.3515,7011,7.6600,436087,0,0.0000,0.9800
1780075508,6.4369,71.4126,7017,2.9800,436087,0,0.0000,0.9900
1780075513,5.9301,71.3515,7011,0.9000,436087,0,0.0000,0.9100
1780075519,24.5943,71.4024,7016,0.8000,436087,0,0.0000,1.6300
1780075524,12.6839,71.1174,6988,0.6000,436087,0,0.0000,1.5000
1780075529,26.0847,72.1555,7090,0.7200,436087,0,0.0000,1.4600
1780075534,11.7168,71.7993,7055,0.6000,436087,0,0.0000,1.3500
1780075539,14.2857,71.5958,7035,46.7200,436087,0,0.0000,1.4000
1780075544,19.9592,71.9927,7074,49.8200,436087,0,0.0000,1.2900
1780075549,27.4029,71.7382,7049,0.7600,436088,0,0.0000,1.5800
1780075554,35.8118,72.5321,7127,5.5200,436088,0,0.0000,2.1800
1780075559,22.4656,72.3285,7107,0.7400,436088,0,0.0000,2.0800
1780075564,20.1938,72.6440,7138,0.7200,436088,0,0.0000,2.0000
1780075569,13.5602,72.7152,7145,21.3200,436088,0,0.0000,1.8400
1780075574,25.4082,72.3489,7109,1.5800,436088,0,0.0000,1.6900
1780075579,26.9898,72.2471,7099,5.8600,436088,0,0.0000,1.7100
1780075584,16.9811,72.6236,7136,0.6800,436088,0,0.0000,1.5800
1780075589,21.2906,72.5422,7128,0.6600,436088,0,0.0000,1.5300
1780075594,21.1519,72.3082,7105,0.6800,436088,0,0.0000,1.5700
1780075599,23.5984,72.8068,7154,0.7400,436088,0,0.0000,1.6000
1780075604,23.4694,72.7152,7145,16.8200,436088,0,0.0000,1.6400
1780075609,22.0020,73.1223,7185,25.7600,436088,0,0.0000,1.5800
1780075614,17.5662,73.1223,7185,2.4200,436088,0,0.0000,1.5400
1780075619,15.0741,72.1657,7091,1.5600,436088,0,0.0000,1.4900
1780075624,12.8310,72.7051,7144,1.5800,436088,0,0.0000,1.4500
1780075629,15.2749,72.7051,7144,0.6200,436088,0,0.0000,1.4200
1780075634,12.6589,72.3692,7111,0.7600,436088,0,0.0000,1.3800
1780075639,12.7486,72.1555,7090,485.6200,436088,0,0.0000,1.5100
1780075644,13.2353,72.3387,7108,23.2000,436088,0,0.0000,1.4700
1780075649,14.0030,72.4303,7117,1.7000,436088,0,0.0000,1.5100
1780075654,7.2515,72.3082,7105,1.3600,436088,0,0.0000,1.5500
1780075659,9.0030,72.1657,7091,4.6200,436088,0,0.0000,1.5900
1780075664,7.2118,72.1148,7086,0.9000,436088,0,0.0000,1.5400
1780075669,7.9309,72.0436,7079,4.8200,436087,0,0.0000,1.5000
1780075674,14.8601,72.0537,7080,0.5800,436087,0,0.0000,1.5400
1780075679,9.4196,72.4710,7121,5.2600,436087,0,0.0000,1.4200
1780075684,14.0745,72.5931,7133,0.0000,436088,0,0.0000,1.4600
1780075689,23.9019,72.4608,7120,0.5800,436088,0,0.0000,1.6700
1780075694,28.2143,72.4506,7119,6.3600,436088,0,0.0000,1.6900
1780075699,10.9526,72.3692,7111,7.6800,436088,0,0.0000,1.5600
1780075704,28.4399,72.0334,7078,4.8600,436088,0,0.0000,1.5100
1780075709,29.8469,72.2573,7100,0.5000,436088,0,0.0000,1.3900
1780075714,16.0569,72.8883,7162,9.8600,436088,0,0.0000,1.2800
1780075719,6.2342,72.6745,7141,0.8800,436088,0,0.0000,1.2600
1780075724,5.2632,72.0537,7080,0.7200,436088,0,0.0000,1.1600
1780075729,6.4402,72.0639,7081,0.8400,436088,0,0.0000,1.0600
1780075734,7.0994,72.0334,7078,3.3000,436088,0,0.0000,1.0600
1780075739,4.6006,72.0436,7079,0.6400,436088,0,0.0000,0.9700
1780075744,6.1421,72.1657,7091,3.2400,436088,0,0.0000,0.9700
1780075749,5.9451,72.1453,7089,0.6400,436088,0,0.0000,0.9000
1780075754,5.7273,72.1555,7090,2.7200,436088,0,0.0000,0.8200
1780075760,6.6869,72.1759,7092,3.2000,436088,0,0.0000,0.7600
1780075764,9.1185,72.2573,7100,9.7800,436088,0,0.0000,0.7800
1780075769,5.7663,72.0232,7077,0.6600,436088,0,0.0000,0.7200
1780075774,24.6429,72.6338,7137,0.7800,436088,0,0.0000,0.6600
1780075779,17.3381,72.5931,7133,0.7600,436088,0,0.0000,0.6000
1780075784,13.8054,72.3896,7113,1.8800,436088,0,0.0000,0.6400
1780075789,14.0974,72.3794,7112,8.7600,436088,0,0.0000,0.5900
1780075794,15.6314,72.6033,7134,0.9000,436088,0,0.0000,0.5400
1780075814,16.8362,72.5321,7127,56.7400,436088,0,0.0000,0.6300
1780075814,9.5842,72.8272,7156,9.5200,436088,0,0.0000,0.5800
1780075819,15.9553,72.6338,7137,73.0000,436089,0,0.0000,1.0200
1780075824,14.4523,72.7865,7152,67.9600,436088,0,0.0000,0.9400
1780075829,8.0916,72.7152,7145,209.5000,436089,0,0.0000,1.0200
1780075834,6.4942,72.7560,7149,9.5400,436090,0,0.0000,0.9400
1780075839,9.4177,72.9086,7164,0.9200,436092,0,0.0000,0.8600
1780075844,9.0030,72.8374,7157,13.7800,436094,0,0.0000,0.8700
1780075849,8.0834,72.7967,7153,36.6800,436094,0,0.0000,0.8900
1780089169,31.2009,58.1926,0,0.0000,0,0,0.0000,0.0000
1780089174,24.0628,57.0222,5603,433.6600,435813,0,0.0000,4.2200
1780089352,31.8877,57.2868,0,0.0000,0,0,0.0000,0.0000
1780089357,9.6465,57.2970,5630,7.5400,435816,0,0.0000,4.2900
1780089362,6.3452,55.3226,5436,118.6000,435816,0,0.0000,4.0300
1780089367,49.1646,56.5846,5560,43.3800,435816,0,0.0000,4.0300
1780089372,34.2079,57.5718,5657,0.0600,435816,0,0.0000,4.1000
1780089377,9.7623,55.8620,5489,61.9200,435816,0,0.0000,4.1000
1780089382,33.4177,57.8160,5681,271.8600,435816,0,0.0000,3.9300
1780089387,49.1175,58.1518,5714,12.5800,435816,0,0.0000,3.7700
1780089392,6.6396,56.1673,5519,134.4800,435816,0,0.0000,3.5500
1780089397,55.9313,57.7549,5675,39.2200,435816,0,0.0000,3.5900
1780089402,25.3152,58.3350,5732,2.2200,435816,0,0.0000,3.3800
1780089407,8.5106,53.7655,5283,88.5400,435816,0,0.0000,3.1900
1780089412,55.0101,55.5669,5460,324.3000,435816,0,0.0000,3.3300
1780089417,78.0341,57.1850,5619,1.4000,435816,0,0.0000,3.3900
1780089422,8.8844,57.8262,5682,0.9000,435816,0,0.0000,3.2000
1780089427,5.1165,55.3837,5442,220.5800,435816,0,0.0000,3.0200
1780089432,49.5450,56.9917,5600,45.3000,435816,0,0.0000,3.1000
1780089437,34.1230,57.6633,5666,6.2200,435816,0,0.0000,3.2500
1780089442,10.7179,55.4040,5444,46.8400,435816,0,0.0000,3.0700
1780089447,42.4810,57.1138,5612,111.0000,435816,0,0.0000,2.9800
1780089452,44.1532,57.7549,5675,3.4000,435817,0,0.0000,3.0700
1780089457,9.4004,55.9943,5502,218.4400,435817,0,0.0000,2.9800
1780089462,68.4635,57.9483,5694,1.8000,435817,0,0.0000,3.1400
1780089467,13.4848,57.5718,5657,5.3400,435817,0,0.0000,2.9700
1780089472,8.4264,55.6992,5473,309.3000,435817,0,0.0000,2.9700
1780089477,60.2221,57.5718,5657,17.0600,435817,0,0.0000,3.1400
1780089482,28.5426,56.0248,5505,21.8400,435817,0,0.0000,3.0400
1780089487,18.6802,56.9713,5598,394.4000,435817,0,0.0000,3.1200
1780089492,63.2612,58.1315,5712,2.2800,435817,0,0.0000,3.1900
1780089497,10.7161,56.0859,5511,124.7400,435817,0,0.0000,3.1800
1780089502,85.9940,55.8009,5483,236.4200,435817,0,0.0000,3.4800
1780089507,59.0065,56.2996,5532,1.2800,435817,0,0.0000,3.6000
1780089512,7.1501,54.2235,5328,314.8200,435817,0,0.0000,3.4000
1780089517,66.9521,55.9536,5498,33.4800,435817,0,0.0000,3.3600
1780089522,48.3333,54.9054,5395,2.0000,435817,0,0.0000,3.5000
1780089527,19.1781,55.6788,5471,463.1800,435817,0,0.0000,3.4500
1780089532,65.6754,57.1240,5613,11.7000,435817,0,0.0000,3.4200
1780089537,9.2705,54.9054,5395,128.4600,435817,0,0.0000,3.2200
1780089542,49.2658,56.3709,5539,44.8400,435817,0,0.0000,3.2900
1780089547,38.9309,57.3275,5633,3.1400,435817,0,0.0000,3.2600
1780089552,5.5612,55.0987,5414,16.2200,435817,0,0.0000,3.0800
1780089557,31.6962,56.9509,5596,337.7600,435818,0,0.0000,3.0000
1780089562,56.0644,58.2231,5721,6.9400,435818,0,0.0000,3.0000
1780089568,11.6067,56.1266,5515,411.9200,435818,0,0.0000,3.0000
1780089572,68.0141,58.0806,5707,4.0400,435818,0,0.0000,3.0800
1780089577,20.5362,55.8111,5484,189.5800,435818,0,0.0000,2.9900
1780089582,57.6049,57.5718,5657,26.9600,435818,0,0.0000,3.0700
1780089587,30.7499,58.6811,5766,7.1800,435818,0,0.0000,2.9900
1780089592,6.7478,53.9996,5306,168.2400,435818,0,0.0000,2.9100
1780089597,66.4987,55.8620,5489,28.0600,435818,0,0.0000,2.9900
1780089602,57.3515,56.9509,5596,8.3000,435818,0,0.0000,3.0700
1780089607,8.5181,57.7753,5677,2.4600,435818,0,0.0000,2.9100
1780089613,26.3586,56.4319,5545,152.0800,435818,0,0.0000,3.0000
1780089617,84.8044,58.1417,5713,9.0400,435818,0,0.0000,3.1600
1780089622,15.6645,55.0580,5410,23.2400,435818,0,0.0000,2.9800
1780089627,27.8481,56.5540,5557,144.6600,435818,0,0.0000,2.9900
1780089632,85.3989,57.6532,5665,2.9800,435818,0,0.0000,3.1500
1780089637,11.0830,56.5642,5558,123.2200,435818,0,0.0000,2.9700
1780089642,46.1227,57.0731,5608,57.3200,435818,0,0.0000,3.0600
1780089647,38.6512,55.2514,5429,8.9800,435818,0,0.0000,3.0500
1780089653,23.5949,56.3403,5536,194.8800,435818,0,0.0000,3.2100
1780089658,82.7378,57.8058,5680,19.3800,435818,0,0.0000,3.2700
1780089663,22.8485,57.7549,5675,54.0800,435818,0,0.0000,3.1700
1780089668,7.5443,55.6992,5473,115.5600,435819,0,0.0000,3.1600
1780089673,65.0000,57.1341,5614,3.8800,435819,0,0.0000,3.2200
1780089677,15.9091,57.6023,5660,2.1333,435819,0,0.0000,4.2500
1780089682,15.9698,56.2487,5527,6.2400,435819,0,0.0000,4.3100
1780089687,8.2233,54.4983,5355,165.1200,435819,0,0.0000,4.2000
1780089692,76.0705,56.1164,5514,3.5800,435819,0,0.0000,4.3500
1780089697,22.7090,56.5744,5559,8.0200,435819,0,0.0000,4.0800
1780089702,3.5425,57.1138,5612,44.8200,435819,0,0.0000,3.8300
1780089707,4.5639,55.2921,5433,60.8000,435819,0,0.0000,3.6100
1780089713,47.3471,57.3173,5632,73.9800,435819,0,0.0000,3.5600
1780089718,39.5466,57.4903,5649,24.0800,435819,0,0.0000,3.5900
1780089723,4.9595,57.6430,5664,41.8200,435819,0,0.0000,3.4600
1780089728,5.4260,55.5465,5458,250.3600,435827,0,0.0000,3.3500
1780089733,53.6129,57.3987,5640,42.1000,435827,0,0.0000,3.3200
1780089738,30.5752,58.1722,5716,7.4600,435827,0,0.0000,3.2100
1780089743,16.2190,56.5642,5558,171.5600,435827,0,0.0000,3.2000
1780089748,66.8681,58.1518,5714,27.1800,435827,0,0.0000,3.3400
1780089753,14.5528,55.8315,5486,51.3800,435827,0,0.0000,3.1500
1780089758,34.9696,57.7040,5670,339.4800,435827,0,0.0000,3.0600
1780089763,47.8327,58.1213,5711,14.5000,435827,0,0.0000,3.0600
1780089768,22.1320,57.4089,5641,131.3400,435827,0,0.0000,3.0500
1780089773,80.1208,56.0961,5512,11.4000,435827,0,0.0000,3.2900
1780089778,22.7867,54.4779,5353,19.1600,435827,0,0.0000,3.1000
1780089783,41.5276,56.1470,5517,149.7000,435827,0,0.0000,3.0100
1780089788,77.6660,57.5616,5656,7.1000,435827,0,0.0000,2.9300
1780089793,7.1176,57.4802,5648,12.5800,435827,0,0.0000,2.7800
1780089798,5.5753,55.3328,5437,74.5400,435827,0,0.0000,2.6400
1780089803,45.3535,56.8797,5589,105.2600,435828,0,0.0000,2.7400
1780089808,40.5242,57.2257,5623,16.0400,435828,0,0.0000,2.8500
1780089813,9.2433,55.4447,5448,287.4400,435828,0,0.0000,2.7800
1780089818,62.2346,57.0832,5609,16.3600,435828,0,0.0000,2.8800
1780089823,24.3939,55.4142,5445,27.5600,435828,0,0.0000,2.8100
1780089828,36.7677,57.3784,5638,140.3400,435828,0,0.0000,2.7400
1780089833,46.9758,57.6125,5661,3.3600,435828,0,0.0000,2.8400
1780089838,7.5481,55.6483,5468,195.3000,435828,0,0.0000,2.6900
1780089843,51.7154,56.9001,5591,39.8600,435828,0,0.0000,2.9600
1780089848,41.8053,55.5160,5455,4.8200,435828,0,0.0000,3.0400
1780089853,32.2368,57.3071,5631,255.7800,435828,0,0.0000,3.0400
1780089858,48.2080,57.7040,5670,5.0000,435828,0,0.0000,3.1200
1780089863,14.3507,53.6434,5271,153.3800,435828,0,0.0000,2.9500
1780089868,59.7579,56.2080,5523,68.1800,435828,0,0.0000,2.8700
1780089873,77.0656,56.7067,5572,1.3600,435828,0,0.0000,3.1200
1780089878,9.2799,54.3354,5339,245.5800,435828,0,0.0000,2.9500
1780089883,69.8789,55.8925,5492,22.9800,435828,0,0.0000,3.0400
1780089888,49.0196,56.9917,5600,10.3200,435828,0,0.0000,3.1900
1780089893,18.0527,55.7093,5474,142.5600,435828,0,0.0000,3.1000
1780089898,75.2391,56.9102,5592,25.2400,435828,0,0.0000,3.2500
1780089903,25.0883,55.2310,5427,16.5000,435828,0,0.0000,3.3900
1780089908,32.4557,56.8695,5588,138.8600,435829,0,0.0000,3.3600
1780089913,49.6479,57.5718,5657,3.0200,435829,0,0.0000,3.4100
1780089918,7.6611,55.7806,5481,127.9600,435829,0,0.0000,3.2200
1780089923,56.8687,57.6532,5665,37.0200,435829,0,0.0000,3.2800
1780089928,27.4975,57.9279,5692,13.8600,435829,0,0.0000,3.1800
1780089933,8.4221,56.2996,5532,148.0400,435829,0,0.0000,3.0800
1780089938,67.5227,58.1518,5714,4.8400,435829,0,0.0000,3.1600
1780089943,15.6566,58.2231,5721,3.8600,435829,0,0.0000,2.9800
1780089948,9.8019,56.3200,5534,285.0200,435829,0,0.0000,2.8200
1780089953,71.4861,55.7297,5476,10.7200,435829,0,0.0000,3.0000
1780089958,48.9950,56.5337,5555,18.0400,435829,0,0.0000,3.1600
1780089963,10.1824,54.4169,5347,224.5400,435829,0,0.0000,3.2300
1780089968,54.7427,56.5744,5559,56.2800,435829,0,0.0000,3.2900
1780089973,58.0986,57.5107,5651,10.3600,435829,0,0.0000,3.2700
1780089978,6.9732,57.6125,5661,12.0400,435829,0,0.0000,3.1600
1780089983,17.2344,56.3403,5536,370.6400,435829,0,0.0000,3.3100
1780089988,65.3730,57.9483,5694,10.0800,435829,0,0.0000,3.3700
1780089993,11.3303,55.5465,5458,250.7800,435829,0,0.0000,3.2600
1780089998,54.9445,57.4089,5641,37.9400,435829,0,0.0000,3.3200
1780090003,26.5152,57.5310,5653,2.4400,435830,0,0.0000,3.2100
1780090008,17.7337,56.3607,5538,176.2400,435830,0,0.0000,3.1900
1780090013,64.5844,58.0501,5704,1.6800,435830,0,0.0000,3.1800
1780090018,11.3924,55.5465,5458,274.0400,435830,0,0.0000,3.0000
1780090023,49.4705,57.6430,5664,41.6800,435830,0,0.0000,2.9200
1780090028,38.5469,57.8567,5685,9.4200,435830,0,0.0000,3.0900
1780090033,5.8287,55.5669,5460,210.4400,435830,0,0.0000,2.9200
1780090038,48.1051,57.7346,5673,48.4400,435830,0,0.0000,2.8500
1780090043,42.8212,55.8213,5485,6.0000,435830,0,0.0000,2.9400
1780090048,15.6456,54.2133,5327,389.3000,435830,0,0.0000,2.8600
1780090053,71.8608,56.2996,5532,19.7200,435830,0,0.0000,2.8800
1780090058,42.4105,56.6253,5564,8.6800,435830,0,0.0000,3.1300
1780090063,3.3350,56.9713,5598,10.4800,435830,0,0.0000,3.0400
1780090068,12.8869,55.4346,5447,376.2800,435830,0,0.0000,3.0300
1780090073,67.8068,57.4394,5644,2.2400,435830,0,0.0000,3.1900
1780090078,15.3418,55.3124,5435,75.1000,435830,0,0.0000,3.1700
1780090083,38.0303,57.7956,5679,319.3400,435830,0,0.0000,3.1600
1780090088,51.1324,58.2638,5725,5.3000,435830,0,0.0000,3.1500
1780090093,7.1465,56.0452,5507,115.0400,435830,0,0.0000,2.9700
1780090098,45.3259,57.8262,5682,60.5000,435830,0,0.0000,2.9000
1780090103,46.3476,55.9332,5496,6.6000,435831,0,0.0000,2.9900
1780090108,22.8977,57.2970,5630,296.7600,435831,0,0.0000,3.0700
1780090113,59.5358,58.4572,5744,315.8200,435831,0,0.0000,3.0600
1780090118,7.2149,58.3147,5730,6.1600,435831,0,0.0000,2.9000
1780090123,6.4304,56.0350,5506,138.5800,435831,0,0.0000,2.8200
1780090128,55.1010,57.8058,5680,40.9600,435831,0,0.0000,3.0000
1780090133,27.8002,56.0350,5506,5.4000,435831,0,0.0000,3.0800
1780090138,26.2038,54.6916,5374,230.0000,435831,0,0.0000,3.1500
1780090143,88.5542,56.3607,5538,3.3600,435831,0,0.0000,3.3000
1780090148,31.6692,55.1700,5421,117.6000,435831,0,0.0000,3.1200
1780090164,47.4747,57.0934,5610,325.7600,435831,0,0.0000,3.1100
1780090164,71.7949,57.9279,5692,10.4200,435831,0,0.0000,3.2600
1780090164,7.9067,55.2208,5426,76.2000,435831,0,0.0000,3.0800
1780090168,46.1305,57.1138,5612,57.5000,435831,0,0.0000,3.9500
1780090173,36.8873,57.8669,5686,9.3400,435831,0,0.0000,3.9600
1780090178,5.5078,57.6532,5665,13.0200,435831,0,0.0000,3.7200
1780090183,3.8928,57.5514,5655,4.9000,435831,0,0.0000,3.5000
1780090188,5.9686,55.4447,5448,54.4600,435831,0,0.0000,3.3000
1780090193,36.7223,56.8594,5587,132.9600,435831,0,0.0000,3.2000
1780090198,44.4725,57.6837,5668,15.7800,435831,0,0.0000,3.1800
1780090203,7.1501,55.5770,5461,119.5800,435831,0,0.0000,3.0100
1780090208,53.2592,57.4903,5649,37.3600,435832,0,0.0000,3.0900
1780090213,32.1087,57.9992,5699,2.5200,435832,0,0.0000,3.1600
1780090218,5.5190,55.9943,5502,251.2200,435832,0,0.0000,2.9900
1780090223,46.3673,55.7704,5480,94.1600,435832,0,0.0000,2.9100
1780090228,86.1083,56.8085,5582,7.3400,435832,0,0.0000,2.9900
1780090233,15.0657,54.4270,5348,81.3200,435832,0,0.0000,2.8300
1780090238,51.4892,55.4854,5452,292.3200,435832,0,0.0000,2.7700
1780090243,62.5252,56.4624,5548,1.6600,435832,0,0.0000,2.9500
1780090248,9.8327,55.1700,5421,299.9000,435832,0,0.0000,2.7900
1780090253,62.4242,57.4089,5641,29.0400,435832,0,0.0000,3.0500
1780090258,27.8788,57.6430,5664,8.3400,435832,0,0.0000,3.1200
1780090263,7.9960,55.3735,5441,66.8800,435832,0,0.0000,2.9500
1780090268,38.1386,56.7881,5580,304.0000,435832,0,0.0000,2.9600
1780090273,44.4781,57.5921,5659,5.9600,435832,0,0.0000,2.9600
1780090278,7.9253,55.9332,5496,3.3200,435832,0,0.0000,2.8000
1780090283,18.5598,56.6558,5567,370.1400,435832,0,0.0000,2.8200
1780090288,62.2166,58.2841,5727,7.0000,435832,0,0.0000,2.9900
1780090293,8.1395,55.6585,5469,84.5200,435832,0,0.0000,2.8300
1780090298,40.3739,57.5921,5659,131.7000,435832,0,0.0000,2.7700
1780090303,42.5618,58.1620,5715,7.3200,435832,0,0.0000,2.7900
1780090308,12.2335,57.2664,5627,250.7600,435832,0,0.0000,2.7200
1780090313,66.9854,56.7372,5575,3.7200,435833,0,0.0000,3.1500
1780090318,19.4361,56.6355,5565,5.9800,435833,0,0.0000,3.1300
1780090323,7.5165,54.4983,5355,134.9600,435833,0,0.0000,2.9600
1780090328,59.0428,56.3200,5534,52.2400,435833,0,0.0000,2.8900
1780090333,54.6600,57.4394,5644,3.9800,435833,0,0.0000,2.8100
1780090338,24.4433,56.7474,5576,160.8400,435833,0,0.0000,2.8300
1780090343,61.2594,57.8974,5689,1.1000,435833,0,0.0000,2.9200
1780090348,10.2889,55.8824,5491,193.4200,435833,0,0.0000,2.7700
1780090353,65.3904,57.7651,5676,19.0600,435833,0,0.0000,2.7900
1780090358,21.0926,55.6177,5465,55.2000,435833,0,0.0000,2.6400
1780090363,40.4245,57.2868,5629,101.0000,435833,0,0.0000,2.6700
1780090368,38.8105,58.0602,5705,4.2600,435833,0,0.0000,2.7000
1780090373,4.0950,57.9992,5699,10.4600,435833,0,0.0000,2.5600
1780090378,7.6572,55.8925,5492,159.6200,435833,0,0.0000,2.4400
1780090383,63.4945,57.8262,5682,17.0600,435833,0,0.0000,2.4800
1780090388,16.1193,57.9381,5693,3.4800,435833,0,0.0000,2.3600
1780090393,7.0380,55.9434,5497,15.4200,435833,0,0.0000,2.2500
1780090398,33.4179,57.6735,5667,230.9600,435833,0,0.0000,2.3100
1780090403,50.4282,56.4116,5543,3.8600,435833,0,0.0000,2.3700
1780090408,16.8517,56.5947,5561,2.1000,435833,0,0.0000,2.3400
1780090413,6.8458,54.2133,5327,129.3000,435833,0,0.0000,2.2300
1780090418,55.8972,55.9841,5501,57.8200,435833,0,0.0000,3.8200
1780090423,59.6677,57.2868,5629,1.3400,435834,0,0.0000,3.9100
1780090428,4.6053,57.7855,5678,1.9800,435834,0,0.0000,3.6800
1780090433,5.7751,55.3531,5439,81.2400,435834,0,0.0000,3.4600
1780090438,36.1434,57.2257,5623,170.8800,435834,0,0.0000,3.4300
1780090443,50.6787,57.5209,5652,4.6800,435834,0,0.0000,3.4700
1780090449,3.1786,57.6837,5668,24.4200,435834,0,0.0000,3.2700
1780090454,22.3797,56.8390,5585,180.5600,435834,0,0.0000,3.2500
1780090458,56.9844,58.2129,5720,5.2200,435834,0,0.0000,3.3100
1780090463,11.2121,56.1877,5521,6.3800,435834,0,0.0000,3.1300
1780090468,25.5449,57.5514,5655,157.5200,435834,0,0.0000,3.1200
1780090473,55.7064,58.3757,5736,13.2600,435834,0,0.0000,3.3500
